{
  "dialog_id": "dlg-edge-101",
  "created_at": "2025-10-02T23:05:56Z",
  "ack_stage": 2,
  "last_query": "how to handle: The image shows a white wall with a noticeable crack running diagonally from the top left to the bottom right, indicating potential structural damage or wear.",
  "context_budget_chars": 64000,
  "context_used_chars": 6358,
  "selected_results": [],
  "last_snippets": [
    "MAKE YOURSELF AT HOME: DIY TIPS FOR HOMEOWNERS  2018  |  HABITAT FOR HUMANITY INTERNATIONAL  1 make yourself  at home HOME MAINTENANCE AND DIY TIPS FOR HOMEOWNERS",
    "MAKE YOURSELF AT HOME: DIY TIPS FOR HOMEOWNERS  2018  |  HABITAT FOR HUMANITY INTERNATIONAL  2 Contents ABOUT THIS GUIDE  3 inside your house 4 taking care of your house 10 making a house your home 21 yard and garden 40 going green at home 47 MORE TIPS  53",
    "MAKE YOURSELF AT HOME: DIY TIPS FOR HOMEOWNERS  2018  |  HABITAT FOR HUMANITY INTERNATIONAL  3 About this  guide We asked Habitat supporters for their favorite home  maintenance and improvement tips – and they responded  by the thousands! Our builder and maintenance experts  rev…",
    "MAKE YOURSELF AT HOME: DIY TIPS FOR HOMEOWNERS  2018  |  HABITAT FOR HUMANITY INTERNATIONAL  4 inside your  house Appliances  Electrical HVAC Plumbing Water heaters",
    "MAKE YOURSELF AT HOME: DIY TIPS FOR HOMEOWNERS  2018  |  HABITAT FOR HUMANITY INTERNATIONAL  20 WATER DAMAGE PREVENTION “When it rained and I would get seepage in  my basement, I bought hydraulic waterproof  cement and filled in areas where the  seepage entered. End of seepage!”…",
    "MAKE YOURSELF AT HOME: DIY TIPS FOR HOMEOWNERS  2018  |  HABITAT FOR HUMANITY INTERNATIONAL  21 making a house  your home Cleaning tips  ... for kitchen & bathroom ... for carpet & floors ... for laundry Decor DIY tips Organization Painting",
    "MAKE YOURSELF AT HOME: DIY TIPS FOR HOMEOWNERS  2018  |  HABITAT FOR HUMANITY INTERNATIONAL  9 WATER HEATER “Make sure you know where all water  heater shut-off valves are located, and  how to turn off in case of emergency. ” —  THOMAS K.  MELROSE, MA WATER HEATER “Install a dra…",
    "MAKE YOURSELF AT HOME: DIY TIPS FOR HOMEOWNERS  2018  |  HABITAT FOR HUMANITY INTERNATIONAL  10 taking care   of your house Basic maintenance Budget Home security Pest control Safety Vacation prep Water damage  prevention",
    "MAKE YOURSELF AT HOME: DIY TIPS FOR HOMEOWNERS  2018  |  HABITAT FOR HUMANITY INTERNATIONAL  53 More tips For more DIY projects, ideas and news,  read the Habitat ReStore Blog:  habitat.org/restores/blog Find your local Habitat Restore online to  shop, donate or volunteer:   hab…",
    "MAKE YOURSELF AT HOME: DIY TIPS FOR HOMEOWNERS  2018  |  HABITAT FOR HUMANITY INTERNATIONAL  46 YARD “When putting together or repairing a drip  system for my yard, dipping the end of the  tubing in hot water makes it a whole lot  easier to insert it onto the connectors.” —  MOS…",
    "MAKE YOURSELF AT HOME: DIY TIPS FOR HOMEOWNERS  2018  |  HABITAT FOR HUMANITY INTERNATIONAL  47 going green  at home Energy efficiency Saving water",
    "How to Pour a Concrete Slab Successfully — The Family Handyman",
    "Jun 25, 2025 ... Building a shed this spring? Before you can even think about raising the walls, it's imperative to have a solid shed foundation.",
    "A Guide to Plumbing With PEX Tubing",
    "Sep 29, 2024 ... Long used in radiant heating systems, flexible PEX tubing is perfect for water supply lines because it's easy to run through walls and floors ...",
    "How to Repair Mortar in a Brick Wall",
    "Repointing is a simple job, but it has to be done with care for long-lasting mortar repair, in this article we show you how to mortar bricks step by step.",
    "How to Plan a Pergola - This Old House",
    "This versatile open-air structure can define an outdoor room, provide light shade, and add privacy while enhancing the look of your home.",
    "All About Garage Doors: A Comprehensive Guide - This Old House",
    "The garage door is can be the focal point of the home, impacting your home's curb appeal, energy efficiency, security, and functionality.",
    "Assessing Roofs Damage: When to Repair or Replace First, consider the extent of the damage to your roof. Are we talking about just a few shingles that got  blown off in a storm, or has water seeped under the moisture barrier? Was the deck exposed or  damaged? Did the damage lead…",
    "type of roof you have plays a big role in deciding whether to repair or replace it. Take a Asphalt roof, for instance. With a lifespan of over 100 years, it often makes sense to repair any  damage rather than replace the entire roof. Individual roof tiles can be replaced with mi…",
    "24 The Essential Home Skills Handbook  How You Do It 1. Remove insulation around the fan to access the exhaust port. If the  fan has an integral heater, install blocking to keep insulation away from  the unit. Mark the heater location in case you need to move it during  this pro…",
    "hose clamps or straps  around each end of the duct and tighten the clamps. Wrap the duct  with pipe insulation.  5. Coat the bottom of the vent hood with roofing cement and slide the  hood over the tailpiece’s outside end. Nail the hood flange to the roof.  Coat the flange with …",
    "56   How You Do It  1. Vacuum the track with the doors closed and open. Clean the top and  bottom tracks with nonabrasive all-purpose cleanser, with the doors  closed and open. 2. Smooth rough spots on tracks by rubbing with steel wool. Lubricate  the tracks with aluminum lubric…",
    "rs  TIME:  20 minutes / SKILL LEVEL: Easy Sliding glass doors are meant to be invisible but become all too apparent when they stick or won’t open  without effort. Head off any problems with regular maintenance.  How You Do It  1. Remove any screen door by wedging a putty knife u…",
    "WHEN  YOU'RE  AWAY  310  Beware  of  aoss- connections,  where  water  that  should  go  down  the  dram  siphons  mto  the  drinMng  water  system.  Offenders  include  faucets  or  hand-held  shower  sprayers  that  are  submerged  when  a  bathtub  or  sink  fills  up,  or  a…",
    "water  company  to  turn  off  the  supply  to  the  house  Then  close  the  main  supply  valve  and  open  all  the  faucets,  starting  on  the  top  floor  Be  sure  to  open  the  outside  faucets,  too.  >■  When  you're  ready  to  leave  a  vacation  home,  flush  all  …",
    "exterior from water injury. First, you must make sure that your roof and gutters square  measure in good shape and adequately sealed against leaks. Additionally, you must check for  damp or mould on walls and any cracks or gaps in your home’s foundation that might enable  wetnes…",
    "hen a leak in your home, there square  measure many steps that you simply will fancy facilitate dry out the affected areas. First, you  may wish to get rid of any standing water from the location as quickly as attainable  employing a wet vacuum or different appropriate tools. Wi…"
  ],
  "progress": [],
  "citations": [
    {
      "type": "image",
      "pdf_path": "/home/manny-buff/projects/capstone/hw-rag/data/make-yourself-at-home-diy-guide-070618.pdf",
      "page_index": 0,
      "image_path": "/home/manny-buff/projects/vision-rag-api/data/page_images/7f2f314dd4607646/page_0001.jpg"
    },
    {
      "type": "image",
      "pdf_path": "/home/manny-buff/projects/capstone/hw-rag/data/make-yourself-at-home-diy-guide-070618.pdf",
      "page_index": 3,
      "image_path": "/home/manny-buff/projects/vision-rag-api/data/page_images/7f2f314dd4607646/page_0004.jpg"
    },
    {
      "type": "image",
      "pdf_path": "/home/manny-buff/projects/capstone/hw-rag/data/make-yourself-at-home-diy-guide-070618.pdf",
      "page_index": 20,
      "image_path": "/home/manny-buff/projects/vision-rag-api/data/page_images/7f2f314dd4607646/page_0021.jpg"
    },
    {
      "type": "image",
      "pdf_path": "/home/manny-buff/projects/capstone/hw-rag/data/make-yourself-at-home-diy-guide-070618.pdf",
      "page_index": 9,
      "image_path": "/home/manny-buff/projects/vision-rag-api/data/page_images/7f2f314dd4607646/page_0010.jpg"
    },
    {
      "type": "text",
      "pdf_path": null,
      "page_index": null,
      "snippet": "MAKE YOURSELF AT HOME: DIY TIPS FOR HOMEOWNERS  2018  |  HABITAT FOR HUMANITY INTERNATIONAL  53 More tips For more DIY projects, ideas and news,  read the Habitat ReStore Blog:  habitat.org/restores/blog Find your local Habitat Restore online to  shop, donate or volunteer:   hab…"
    },
    {
      "type": "image",
      "pdf_path": "/home/manny-buff/projects/capstone/hw-rag/data/make-yourself-at-home-diy-guide-070618.pdf",
      "page_index": 46,
      "image_path": "/home/manny-buff/projects/vision-rag-api/data/page_images/7f2f314dd4607646/page_0047.jpg"
    },
    {
      "type": "web",
      "url": "https://www.familyhandyman.com/list/tips-for-how-to-pour-a-concrete-slab-successfully/",
      "title": "How to Pour a Concrete Slab Successfully — The Family Handyman",
      "snippet": "Jun 25, 2025 ... Building a shed this spring? Before you can even think about raising the walls, it's imperative to have a solid shed foundation."
    },
    {
      "type": "web",
      "url": "https://www.familyhandyman.com/list/plumbing-with-pex-tubing/",
      "title": "A Guide to Plumbing With PEX Tubing",
      "snippet": "Sep 29, 2024 ... Long used in radiant heating systems, flexible PEX tubing is perfect for water supply lines because it's easy to run through walls and floors ..."
    },
    {
      "type": "web",
      "url": "https://www.thisoldhouse.com/masonry/21016676/how-to-repair-mortar-in-a-brick-wall",
      "title": "How to Repair Mortar in a Brick Wall",
      "snippet": "Repointing is a simple job, but it has to be done with care for long-lasting mortar repair, in this article we show you how to mortar bricks step by step."
    },
    {
      "type": "web",
      "url": "https://www.thisoldhouse.com/patios/23150414/pergola-installation",
      "title": "How to Plan a Pergola - This Old House",
      "snippet": "This versatile open-air structure can define an outdoor room, provide light shade, and add privacy while enhancing the look of your home."
    },
    {
      "type": "web",
      "url": "https://www.thisoldhouse.com/garages/21017811/all-about-garage-doors",
      "title": "All About Garage Doors: A Comprehensive Guide - This Old House",
      "snippet": "The garage door is can be the focal point of the home, impacting your home's curb appeal, energy efficiency, security, and functionality."
    },
    {
      "type": "image",
      "pdf_path": "/home/manny-buff/projects/capstone/hw-rag/data/roof repair and cleaning.pdf",
      "page_index": 2,
      "image_path": "/home/manny-buff/projects/vision-rag-api/data/page_images/bac1c700c7b96675/page_0003.jpg"
    },
    {
      "type": "image",
      "pdf_path": "/home/manny-buff/projects/capstone/hw-rag/data/EditorsofCoolSp_2022__EssentialHomeSkillsHaPart1.pdf",
      "page_index": 15,
      "image_path": "/home/manny-buff/projects/vision-rag-api/data/page_images/8c24208626ca4ca1/page_0016.jpg"
    },
    {
      "type": "image",
      "pdf_path": "/home/manny-buff/projects/capstone/hw-rag/data/EditorsofCoolSp_2022__EssentialHomeSkillsHaPart1.pdf",
      "page_index": 47,
      "image_path": "/home/manny-buff/projects/vision-rag-api/data/page_images/8c24208626ca4ca1/page_0048.jpg"
    },
    {
      "type": "image",
      "pdf_path": "/home/manny-buff/projects/capstone/hw-rag/data/1001 do-it-yourself hints & tips  tricks.pdf",
      "page_index": 180,
      "image_path": "/home/manny-buff/projects/vision-rag-api/data/page_images/d1755d662b062943/page_0181.jpg"
    },
    {
      "type": "image",
      "pdf_path": "/home/manny-buff/projects/capstone/hw-rag/data/How to stop Water damage when A Leak.pdf",
      "page_index": 4,
      "image_path": "/home/manny-buff/projects/vision-rag-api/data/page_images/bcb6408c4a42e87f/page_0005.jpg"
    }
  ]
}