{
  "timestamp_utc": "2025-12-08T03-18-21Z",
  "dialog_id": "dlg-66cbaef7",
  "query": {
    "text": "leaky kitchen faucet",
    "has_image": false,
    "caption": null
  },
  "notes": {
    "session_mode": "TOPIC_SHIFT",
    "topic_intent": {
      "topic": "plumbing",
      "intent": "repair",
      "hazards": [
        "gas_leak"
      ],
      "keywords": [
        "leak",
        "handle",
        "plumbing"
      ],
      "home_repair": true
    },
    "counts": {
      "query_tokens": 3,
      "rag_hits": 5,
      "image_hits": 0,
      "web_hits": 6,
      "fused_hits": 11
    },
    "timings_ms": {
      "query_gen": 199,
      "rag": 708,
      "image": 0,
      "web": 411
    },
    "queries": [
      {
        "source": "rag",
        "query": "leaky kitchen faucet"
      },
      {
        "source": "web",
        "query": "how to fix a leaky kitchen faucet"
      }
    ]
  },
  "warnings": [],
  "counts": {
    "query_tokens": 3,
    "rag_hits": 5,
    "image_hits": 0,
    "web_hits": 6,
    "fused_hits": 11
  },
  "source_counts": {
    "image": 0,
    "text": 5,
    "web": 6,
    "total": 11
  },
  "timings_ms": {
    "query_gen": 199,
    "rag": 708,
    "image": 0,
    "web": 411
  },
  "answer": null,
  "evidence": [
    {
      "type": "text",
      "title": "/home/manny-buff/projects/capstone/hw-rag/data/Complete home repair  with 350 projects and 2300 photos.pdf",
      "snippet": "Faucets A leaky faucet is the most common home  plumbing problem. Most faucet problems are  easy to fix, and you can save time and money  by fixing them yourself. Leaks generally occur  when washers, O-rings, or seals inside the  faucet become dirty or worn. Fixing most  leaks is a matter of cleaning or replacing one  of these parts.  It’s important to fix a leak as soon as pos¬  sible. Although t",
      "thumbnail_url": "/api/v1/rag/pages/get-image?doc=d9079cbdeb5bb6dd&page=321&w=320",
      "region_url": null,
      "citation": {
        "doc_hash": "d9079cbdeb5bb6dd",
        "page_index": 321,
        "image_file": "/home/manny-buff/projects/vision-rag-api/data/page_images/d9079cbdeb5bb6dd/page_0322.jpg",
        "pdf_path": "/home/manny-buff/projects/capstone/hw-rag/data/Complete home repair  with 350 projects and 2300 photos.pdf",
        "score": 0.6424721479415894
      }
    },
    {
      "type": "text",
      "title": "/home/manny-buff/projects/capstone/hw-rag/data/Complete home repair  with 350 projects and 2300 photos.pdf",
      "snippet": "Faucets  Ball Faucets  Ball faucets have a single handle and can be  identified by a hollow metal or plastic ball  inside the faucet body. This rotating ball con¬  trols the temperature and flow of water into  the faucet. Many ball-type faucets have a  rounded cap with knurled edges located under  the handle.  If a faucet with this type of cap leaks from  the spout, try tightening the cap with cha",
      "thumbnail_url": "/api/v1/rag/pages/get-image?doc=d9079cbdeb5bb6dd&page=323&w=320",
      "region_url": null,
      "citation": {
        "doc_hash": "d9079cbdeb5bb6dd",
        "page_index": 323,
        "image_file": "/home/manny-buff/projects/vision-rag-api/data/page_images/d9079cbdeb5bb6dd/page_0324.jpg",
        "pdf_path": "/home/manny-buff/projects/capstone/hw-rag/data/Complete home repair  with 350 projects and 2300 photos.pdf",
        "score": 0.6056129336357117
      }
    },
    {
      "type": "text",
      "title": "/home/manny-buff/projects/capstone/hw-rag/data/1001 do-it-yourself hints & tips  tricks.pdf",
      "snippet": "nd  test  the  faucet.  This  simple  fix  usually  cures  the  leak.  Cleaning  a  faucet  aerator  WHAT  YOU'LL  NEED  Groove-joint  pliers  wrapped  with  tape  (if  needed)  Old  toothbrush  vinegar  Phillips  screwdriver  Replacement  parts  as  needed  ILow   water  pressure  at  a kitchen  spout  can  often  be  reme- died by  removing  the  aerator  and  cleaning  it.  Unscrew  the  aerato",
      "thumbnail_url": "/api/v1/rag/pages/get-image?doc=d1755d662b062943&page=164&w=320",
      "region_url": null,
      "citation": {
        "doc_hash": "d1755d662b062943",
        "page_index": 164,
        "image_file": "/home/manny-buff/projects/vision-rag-api/data/page_images/d1755d662b062943/page_0165.jpg",
        "pdf_path": "/home/manny-buff/projects/capstone/hw-rag/data/1001 do-it-yourself hints & tips  tricks.pdf",
        "score": 0.6054606437683105
      }
    },
    {
      "type": "web",
      "title": "How to Fix a Leaky Faucet (DIY) | Family Handyman",
      "url": "https://www.familyhandyman.com/project/how-to-repair-a-kitchen-faucet/",
      "snippet": "Oct 3, 2024 ... You can fix almost any drippy single-lever kitchen faucet in about an hour. We'll show you Moen faucet repair as well as others.",
      "preview_image_url": null,
      "thumbnail_url": null,
      "web_image": null,
      "sim_to_query_image": null
    },
    {
      "type": "web",
      "title": "Stop That Annoying Kitchen Faucet Drip for Good (DIY) | Family ...",
      "url": "https://www.familyhandyman.com/project/stop-that-annoying-kitchen-faucet-drip-for-good/",
      "snippet": "Jun 20, 2025 ... Save hundreds on plumber fees by following these straightforward steps on how to fix a leaky faucet yourself.",
      "preview_image_url": null,
      "thumbnail_url": null,
      "web_image": null,
      "sim_to_query_image": null
    },
    {
      "type": "web",
      "title": "How to Fix a Sink Sprayer Leaking In the Kitchen: A Full Guide",
      "url": "https://www.familyhandyman.com/project/how-to-fix-a-leaking-sink-sprayer/",
      "snippet": "Jul 25, 2024 ... Kitchen Faucet Spray Head Replacement. If you find mysterious puddles under your kitchen sink, the most likely suspects are the water supply ...",
      "preview_image_url": null,
      "thumbnail_url": null,
      "web_image": null,
      "sim_to_query_image": null
    },
    {
      "type": "text",
      "title": "/home/manny-buff/projects/capstone/hw-rag/data/1001 do-it-yourself hints & tips  tricks.pdf",
      "snippet": "One-Stop  shopping.  If  you  need  to  buy  a  replacement  hose  for  your  kitchen  sprayer,  consider  purchasing  a  new  spray  head  at  the  same  time.  You'll  find  that  It  doesn't  cost  that  much  more  and  that  it's  also much  easier  to  install  them  both  in  the  same  stroke  A  place  for  everything.  After  usmg  the  kitchen  sprayer,  be  sure  to  retract  the  hose",
      "thumbnail_url": "/api/v1/rag/pages/get-image?doc=d1755d662b062943&page=165&w=320",
      "region_url": null,
      "citation": {
        "doc_hash": "d1755d662b062943",
        "page_index": 165,
        "image_file": "/home/manny-buff/projects/vision-rag-api/data/page_images/d1755d662b062943/page_0166.jpg",
        "pdf_path": "/home/manny-buff/projects/capstone/hw-rag/data/1001 do-it-yourself hints & tips  tricks.pdf",
        "score": 0.6002700328826904
      }
    },
    {
      "type": "text",
      "title": "/home/manny-buff/projects/capstone/hw-rag/data/1001 do-it-yourself hints & tips  tricks.pdf",
      "snippet": "the  pencil,  insert  the  point  in  the  hole,  and  then  slide  the  spnng  off  and  into  place  with  another  pointed  object  or  your  fmger.  Water  streaming  from  an  air  gap— the  mysterious dome  on  some  kitchen  sinks — means  it  is  clogged  vWth  debris  from  the  dish-  washer or  garbage  disposal.  Pry  off  the  metal  cover,  and  unscrew  the  assembly  undemeath.",
      "thumbnail_url": "/api/v1/rag/pages/get-image?doc=d1755d662b062943&page=164&w=320",
      "region_url": null,
      "citation": {
        "doc_hash": "d1755d662b062943",
        "page_index": 164,
        "image_file": "/home/manny-buff/projects/vision-rag-api/data/page_images/d1755d662b062943/page_0165.jpg",
        "pdf_path": "/home/manny-buff/projects/capstone/hw-rag/data/1001 do-it-yourself hints & tips  tricks.pdf",
        "score": 0.5972467660903931
      }
    }
  ],
  "results": [
    {
      "type": "text",
      "source": "rag",
      "score": 0.6424721479415894,
      "pdf_path": "/home/manny-buff/projects/capstone/hw-rag/data/Complete home repair  with 350 projects and 2300 photos.pdf",
      "page_from": 321,
      "page_to": 321,
      "page_index": 321,
      "snippet": "Faucets A leaky faucet is the most common home  plumbing problem. Most faucet problems are  easy to fix, and you can save time and money  by fixing them yourself. Leaks generally occur  when washers, O-rings, or seals inside the  faucet become dirty or worn. Fixing most  leaks is a matter of cleaning or replacing one  of these parts.  It’s important to fix a leak as soon as pos¬  sible. Although t",
      "raw": {
        "score": 0.6424721479415894,
        "file_path": "/home/manny-buff/projects/capstone/hw-rag/data/Complete home repair  with 350 projects and 2300 photos.pdf",
        "page_from": 321,
        "page_to": 321,
        "snippet": "Faucets A leaky faucet is the most common home  plumbing problem. Most faucet problems are  easy to fix, and you can save time and money  by fixing them yourself. Leaks generally occur  when washers, O-rings, or seals inside the  faucet become dirty or worn. Fixing most  leaks is a matter of cleaning or replacing one  of these parts.  It’s important to fix a leak as soon as pos¬  sible. Although t"
      },
      "thumbnail_url": "/api/v1/rag/pages/get-image?doc=d9079cbdeb5bb6dd&page=321&w=320",
      "citation": {
        "doc_hash": "d9079cbdeb5bb6dd",
        "page_index": 321,
        "image_file": "/home/manny-buff/projects/vision-rag-api/data/page_images/d9079cbdeb5bb6dd/page_0322.jpg",
        "pdf_path": "/home/manny-buff/projects/capstone/hw-rag/data/Complete home repair  with 350 projects and 2300 photos.pdf",
        "score": 0.6424721479415894
      }
    },
    {
      "type": "text",
      "source": "rag",
      "score": 0.6056129336357117,
      "pdf_path": "/home/manny-buff/projects/capstone/hw-rag/data/Complete home repair  with 350 projects and 2300 photos.pdf",
      "page_from": 323,
      "page_to": 323,
      "page_index": 323,
      "snippet": "Faucets  Ball Faucets  Ball faucets have a single handle and can be  identified by a hollow metal or plastic ball  inside the faucet body. This rotating ball con¬  trols the temperature and flow of water into  the faucet. Many ball-type faucets have a  rounded cap with knurled edges located under  the handle.  If a faucet with this type of cap leaks from  the spout, try tightening the cap with cha",
      "raw": {
        "score": 0.6056129336357117,
        "file_path": "/home/manny-buff/projects/capstone/hw-rag/data/Complete home repair  with 350 projects and 2300 photos.pdf",
        "page_from": 323,
        "page_to": 323,
        "snippet": "Faucets  Ball Faucets  Ball faucets have a single handle and can be  identified by a hollow metal or plastic ball  inside the faucet body. This rotating ball con¬  trols the temperature and flow of water into  the faucet. Many ball-type faucets have a  rounded cap with knurled edges located under  the handle.  If a faucet with this type of cap leaks from  the spout, try tightening the cap with cha"
      },
      "thumbnail_url": "/api/v1/rag/pages/get-image?doc=d9079cbdeb5bb6dd&page=323&w=320",
      "citation": {
        "doc_hash": "d9079cbdeb5bb6dd",
        "page_index": 323,
        "image_file": "/home/manny-buff/projects/vision-rag-api/data/page_images/d9079cbdeb5bb6dd/page_0324.jpg",
        "pdf_path": "/home/manny-buff/projects/capstone/hw-rag/data/Complete home repair  with 350 projects and 2300 photos.pdf",
        "score": 0.6056129336357117
      }
    },
    {
      "type": "text",
      "source": "rag",
      "score": 0.6054606437683105,
      "pdf_path": "/home/manny-buff/projects/capstone/hw-rag/data/1001 do-it-yourself hints & tips  tricks.pdf",
      "page_from": 164,
      "page_to": 164,
      "page_index": 164,
      "snippet": "nd  test  the  faucet.  This  simple  fix  usually  cures  the  leak.  Cleaning  a  faucet  aerator  WHAT  YOU'LL  NEED  Groove-joint  pliers  wrapped  with  tape  (if  needed)  Old  toothbrush  vinegar  Phillips  screwdriver  Replacement  parts  as  needed  ILow   water  pressure  at  a kitchen  spout  can  often  be  reme- died by  removing  the  aerator  and  cleaning  it.  Unscrew  the  aerato",
      "raw": {
        "score": 0.6054606437683105,
        "file_path": "/home/manny-buff/projects/capstone/hw-rag/data/1001 do-it-yourself hints & tips  tricks.pdf",
        "page_from": 164,
        "page_to": 164,
        "snippet": "nd  test  the  faucet.  This  simple  fix  usually  cures  the  leak.  Cleaning  a  faucet  aerator  WHAT  YOU'LL  NEED  Groove-joint  pliers  wrapped  with  tape  (if  needed)  Old  toothbrush  vinegar  Phillips  screwdriver  Replacement  parts  as  needed  ILow   water  pressure  at  a kitchen  spout  can  often  be  reme- died by  removing  the  aerator  and  cleaning  it.  Unscrew  the  aerato"
      },
      "thumbnail_url": "/api/v1/rag/pages/get-image?doc=d1755d662b062943&page=164&w=320",
      "citation": {
        "doc_hash": "d1755d662b062943",
        "page_index": 164,
        "image_file": "/home/manny-buff/projects/vision-rag-api/data/page_images/d1755d662b062943/page_0165.jpg",
        "pdf_path": "/home/manny-buff/projects/capstone/hw-rag/data/1001 do-it-yourself hints & tips  tricks.pdf",
        "score": 0.6054606437683105
      }
    },
    {
      "type": "text",
      "source": "rag",
      "score": 0.6002700328826904,
      "pdf_path": "/home/manny-buff/projects/capstone/hw-rag/data/1001 do-it-yourself hints & tips  tricks.pdf",
      "page_from": 165,
      "page_to": 165,
      "page_index": 165,
      "snippet": "One-Stop  shopping.  If  you  need  to  buy  a  replacement  hose  for  your  kitchen  sprayer,  consider  purchasing  a  new  spray  head  at  the  same  time.  You'll  find  that  It  doesn't  cost  that  much  more  and  that  it's  also much  easier  to  install  them  both  in  the  same  stroke  A  place  for  everything.  After  usmg  the  kitchen  sprayer,  be  sure  to  retract  the  hose",
      "raw": {
        "score": 0.6002700328826904,
        "file_path": "/home/manny-buff/projects/capstone/hw-rag/data/1001 do-it-yourself hints & tips  tricks.pdf",
        "page_from": 165,
        "page_to": 165,
        "snippet": "One-Stop  shopping.  If  you  need  to  buy  a  replacement  hose  for  your  kitchen  sprayer,  consider  purchasing  a  new  spray  head  at  the  same  time.  You'll  find  that  It  doesn't  cost  that  much  more  and  that  it's  also much  easier  to  install  them  both  in  the  same  stroke  A  place  for  everything.  After  usmg  the  kitchen  sprayer,  be  sure  to  retract  the  hose"
      },
      "thumbnail_url": "/api/v1/rag/pages/get-image?doc=d1755d662b062943&page=165&w=320",
      "citation": {
        "doc_hash": "d1755d662b062943",
        "page_index": 165,
        "image_file": "/home/manny-buff/projects/vision-rag-api/data/page_images/d1755d662b062943/page_0166.jpg",
        "pdf_path": "/home/manny-buff/projects/capstone/hw-rag/data/1001 do-it-yourself hints & tips  tricks.pdf",
        "score": 0.6002700328826904
      }
    },
    {
      "type": "text",
      "source": "rag",
      "score": 0.5972467660903931,
      "pdf_path": "/home/manny-buff/projects/capstone/hw-rag/data/1001 do-it-yourself hints & tips  tricks.pdf",
      "page_from": 164,
      "page_to": 164,
      "page_index": 164,
      "snippet": "the  pencil,  insert  the  point  in  the  hole,  and  then  slide  the  spnng  off  and  into  place  with  another  pointed  object  or  your  fmger.  Water  streaming  from  an  air  gap— the  mysterious dome  on  some  kitchen  sinks — means  it  is  clogged  vWth  debris  from  the  dish-  washer or  garbage  disposal.  Pry  off  the  metal  cover,  and  unscrew  the  assembly  undemeath.",
      "raw": {
        "score": 0.5972467660903931,
        "file_path": "/home/manny-buff/projects/capstone/hw-rag/data/1001 do-it-yourself hints & tips  tricks.pdf",
        "page_from": 164,
        "page_to": 164,
        "snippet": "the  pencil,  insert  the  point  in  the  hole,  and  then  slide  the  spnng  off  and  into  place  with  another  pointed  object  or  your  fmger.  Water  streaming  from  an  air  gap— the  mysterious dome  on  some  kitchen  sinks — means  it  is  clogged  vWth  debris  from  the  dish-  washer or  garbage  disposal.  Pry  off  the  metal  cover,  and  unscrew  the  assembly  undemeath."
      },
      "thumbnail_url": "/api/v1/rag/pages/get-image?doc=d1755d662b062943&page=164&w=320",
      "citation": {
        "doc_hash": "d1755d662b062943",
        "page_index": 164,
        "image_file": "/home/manny-buff/projects/vision-rag-api/data/page_images/d1755d662b062943/page_0165.jpg",
        "pdf_path": "/home/manny-buff/projects/capstone/hw-rag/data/1001 do-it-yourself hints & tips  tricks.pdf",
        "score": 0.5972467660903931
      }
    },
    {
      "title": "How to Fix a Leaky Faucet (DIY) | Family Handyman",
      "url": "https://www.familyhandyman.com/project/how-to-repair-a-kitchen-faucet/",
      "snippet": "Oct 3, 2024 ... You can fix almost any drippy single-lever kitchen faucet in about an hour. We'll show you Moen faucet repair as well as others.",
      "score": 0.0,
      "type": "web"
    },
    {
      "title": "Stop That Annoying Kitchen Faucet Drip for Good (DIY) | Family ...",
      "url": "https://www.familyhandyman.com/project/stop-that-annoying-kitchen-faucet-drip-for-good/",
      "snippet": "Jun 20, 2025 ... Save hundreds on plumber fees by following these straightforward steps on how to fix a leaky faucet yourself.",
      "score": 0.0,
      "type": "web"
    },
    {
      "title": "How to Fix a Sink Sprayer Leaking In the Kitchen: A Full Guide",
      "url": "https://www.familyhandyman.com/project/how-to-fix-a-leaking-sink-sprayer/",
      "snippet": "Jul 25, 2024 ... Kitchen Faucet Spray Head Replacement. If you find mysterious puddles under your kitchen sink, the most likely suspects are the water supply ...",
      "score": 0.0,
      "type": "web"
    }
  ],
  "blocked": false,
  "requires_ack": false,
  "ack_stage": 0
}