{
  "schema_version": "v1.1",
  "dialog_id": "dlg-a239b689",
  "created_at": "2025-12-08T02:59:15Z",
  "source_event": "latest.json",
  "query": {
    "text": "drain snake",
    "caption": null,
    "has_image": false
  },
  "counts": {
    "results_total": 8,
    "text": 5,
    "web": 3,
    "image": 0
  },
  "longform": {
    "text": [
      {
        "type": "text",
        "source": "rag",
        "score": 0.6375550031661987,
        "pdf_path": "/home/manny-buff/projects/capstone/hw-rag/data/A Dirty Guide to a Clean Home _ Housekeeping Hacks You Cant Live Without.pdf",
        "page_from": 123,
        "page_to": 123,
        "page_index": 123,
        "snippet": "drain within the pipe. Drain snake/auger: Another manual tool, this one is a flexible metal cable coiled inside a drum. Drain snakes are best for removing clogs located deeper in the drain system and work on toilets, kitchen and bath sinks, tubs, and showers. You simply place the metal fusilli/corkscrew- looking end of the cable in the pipe, then turn the drum to extend the",
        "raw": {
          "score": 0.6375550031661987,
          "file_path": "/home/manny-buff/projects/capstone/hw-rag/data/A Dirty Guide to a Clean Home _ Housekeeping Hacks You Cant Live Without.pdf",
          "page_from": 123,
          "page_to": 123,
          "snippet": "drain within the pipe. Drain snake/auger: Another manual tool, this one is a flexible metal cable coiled inside a drum. Drain snakes are best for removing clogs located deeper in the drain system and work on toilets, kitchen and bath sinks, tubs, and showers. You simply place the metal fusilli/corkscrew- looking end of the cable in the pipe, then turn the drum to extend the"
        },
        "thumbnail_url": "/api/v1/rag/pages/get-image?doc=87a753a3b4a44bc6&page=123&w=320",
        "citation": {
          "doc_hash": "87a753a3b4a44bc6",
          "page_index": 123,
          "image_file": "/home/manny-buff/projects/vision-rag-api/data/page_images/87a753a3b4a44bc6/page_0124.jpg",
          "pdf_path": "/home/manny-buff/projects/capstone/hw-rag/data/A Dirty Guide to a Clean Home _ Housekeeping Hacks You Cant Live Without.pdf",
          "score": 0.6375550031661987
        }
      },
      {
        "type": "text",
        "source": "rag",
        "score": 0.6370973587036133,
        "pdf_path": "/home/manny-buff/projects/capstone/hw-rag/data/Safe & Sound _ A Renter-Friendly Guide to Home Repair.pdf",
        "page_from": 66,
        "page_to": 66,
        "page_index": 66,
        "snippet": "THE DRAIN SNAKE METHOD tap here to view video MATERIALS small bowl or bucket, rag, 1/8 hand auger (drain snake), utility knife 1  If you’ve not already removed the P-trap, follow steps 1–3. 2  With the trap off, place the end of the snake down the drain pipe. Bending the tip of the auger at a 45° angle helps get around the bend and elbows of the pipe. 3  Start with 1 foot (30.5cm) of the auger at",
        "raw": {
          "score": 0.6370973587036133,
          "file_path": "/home/manny-buff/projects/capstone/hw-rag/data/Safe & Sound _ A Renter-Friendly Guide to Home Repair.pdf",
          "page_from": 66,
          "page_to": 66,
          "snippet": "THE DRAIN SNAKE METHOD tap here to view video MATERIALS small bowl or bucket, rag, 1/8 hand auger (drain snake), utility knife 1  If you’ve not already removed the P-trap, follow steps 1–3. 2  With the trap off, place the end of the snake down the drain pipe. Bending the tip of the auger at a 45° angle helps get around the bend and elbows of the pipe. 3  Start with 1 foot (30.5cm) of the auger at"
        },
        "thumbnail_url": "/api/v1/rag/pages/get-image?doc=72ba835d5f6cdb85&page=66&w=320",
        "citation": {
          "doc_hash": "72ba835d5f6cdb85",
          "page_index": 66,
          "image_file": "/home/manny-buff/projects/vision-rag-api/data/page_images/72ba835d5f6cdb85/page_0067.jpg",
          "pdf_path": "/home/manny-buff/projects/capstone/hw-rag/data/Safe & Sound _ A Renter-Friendly Guide to Home Repair.pdf",
          "score": 0.6370973587036133
        }
      },
      {
        "type": "text",
        "source": "rag",
        "score": 0.588167667388916,
        "pdf_path": "/home/manny-buff/projects/capstone/hw-rag/data/1001 do-it-yourself hints & tips  tricks.pdf",
        "page_from": 175,
        "page_to": 175,
        "page_index": 175,
        "snippet": "of  petroleum  jelly  around  the  lip  of  the  mbber  plunger.  The  wrong  tool.  Forget  about  using  an  expansion  nozzle  to  clear  a  clog  Although  it  is  supposed  to  unblock  drains  with  a  high-pressure  stream  of  water,  it  can  cause  a  leak  or  rupture  the  pipe.  Don't  take  the  plunge.  Never  use  a  plunger  after  you  have  added  chemical  cleaner  to  the  dra",
        "raw": {
          "score": 0.588167667388916,
          "file_path": "/home/manny-buff/projects/capstone/hw-rag/data/1001 do-it-yourself hints & tips  tricks.pdf",
          "page_from": 175,
          "page_to": 175,
          "snippet": "of  petroleum  jelly  around  the  lip  of  the  mbber  plunger.  The  wrong  tool.  Forget  about  using  an  expansion  nozzle  to  clear  a  clog  Although  it  is  supposed  to  unblock  drains  with  a  high-pressure  stream  of  water,  it  can  cause  a  leak  or  rupture  the  pipe.  Don't  take  the  plunge.  Never  use  a  plunger  after  you  have  added  chemical  cleaner  to  the  dra"
        },
        "thumbnail_url": "/api/v1/rag/pages/get-image?doc=d1755d662b062943&page=175&w=320",
        "citation": {
          "doc_hash": "d1755d662b062943",
          "page_index": 175,
          "image_file": "/home/manny-buff/projects/vision-rag-api/data/page_images/d1755d662b062943/page_0176.jpg",
          "pdf_path": "/home/manny-buff/projects/capstone/hw-rag/data/1001 do-it-yourself hints & tips  tricks.pdf",
          "score": 0.588167667388916
        }
      }
    ],
    "web": [
      {
        "title": "How to Snake a Toilet - Easiest Way to Use a Drain Snake",
        "url": "https://www.familyhandyman.com/project/how-to-unclog-a-toilet-with-a-drain-snake/",
        "snippet": "Oct 7, 2024 ... Place the end of the auger into the toilet bowl so it points down the drain. Turn the handle clockwise to extend the auger cable down the drain ...",
        "score": 0.0,
        "type": "web"
      },
      {
        "title": "Toilet Auger vs Snake: What's the Right Choice? | Family Handyman",
        "url": "https://www.familyhandyman.com/article/toilet-auger-vs-snake/",
        "snippet": "Jun 26, 2025 ... A toilet auger is a specific type of drain snake designed for toilets. It features a rotating handle attached to a flexible metal cable that clears clogs.",
        "score": 0.0,
        "type": "web"
      },
      {
        "title": "How to Clean and Unclog a Kitchen Sink Drain (DIY) | Family ...",
        "url": "https://www.familyhandyman.com/project/how-to-clear-clogged-sink-drains/",
        "snippet": "Oct 3, 2024 ... Clogged kitchen sink? We will show you how to clear a clogged sink drain using a plunger, a drain snake and a few other household items.",
        "score": 0.0,
        "type": "web"
      }
    ],
    "image": []
  },
  "evidence_refs": [
    {
      "type": "text",
      "title": "/home/manny-buff/projects/capstone/hw-rag/data/A Dirty Guide to a Clean Home _ Housekeeping Hacks You Cant Live Without.pdf",
      "snippet": "drain within the pipe. Drain snake/auger: Another manual tool, this one is a flexible metal cable coiled inside a drum. Drain snakes are best for removing clogs located deeper in the drain system and work on toilets, kitchen and bath sinks, tubs, and showers. You simply place the metal fusilli/corkscrew- looking end of the cable in the pipe, then turn the drum to extend the",
      "thumbnail_url": "/api/v1/rag/pages/get-image?doc=87a753a3b4a44bc6&page=123&w=320",
      "region_url": null,
      "citation": {
        "doc_hash": "87a753a3b4a44bc6",
        "page_index": 123,
        "image_file": "/home/manny-buff/projects/vision-rag-api/data/page_images/87a753a3b4a44bc6/page_0124.jpg",
        "pdf_path": "/home/manny-buff/projects/capstone/hw-rag/data/A Dirty Guide to a Clean Home _ Housekeeping Hacks You Cant Live Without.pdf",
        "score": 0.6375550031661987
      }
    },
    {
      "type": "text",
      "title": "/home/manny-buff/projects/capstone/hw-rag/data/Safe & Sound _ A Renter-Friendly Guide to Home Repair.pdf",
      "snippet": "THE DRAIN SNAKE METHOD tap here to view video MATERIALS small bowl or bucket, rag, 1/8 hand auger (drain snake), utility knife 1  If you’ve not already removed the P-trap, follow steps 1–3. 2  With the trap off, place the end of the snake down the drain pipe. Bending the tip of the auger at a 45° angle helps get around the bend and elbows of the pipe. 3  Start with 1 foot (30.5cm) of the auger at",
      "thumbnail_url": "/api/v1/rag/pages/get-image?doc=72ba835d5f6cdb85&page=66&w=320",
      "region_url": null,
      "citation": {
        "doc_hash": "72ba835d5f6cdb85",
        "page_index": 66,
        "image_file": "/home/manny-buff/projects/vision-rag-api/data/page_images/72ba835d5f6cdb85/page_0067.jpg",
        "pdf_path": "/home/manny-buff/projects/capstone/hw-rag/data/Safe & Sound _ A Renter-Friendly Guide to Home Repair.pdf",
        "score": 0.6370973587036133
      }
    },
    {
      "type": "text",
      "title": "/home/manny-buff/projects/capstone/hw-rag/data/1001 do-it-yourself hints & tips  tricks.pdf",
      "snippet": "of  petroleum  jelly  around  the  lip  of  the  mbber  plunger.  The  wrong  tool.  Forget  about  using  an  expansion  nozzle  to  clear  a  clog  Although  it  is  supposed  to  unblock  drains  with  a  high-pressure  stream  of  water,  it  can  cause  a  leak  or  rupture  the  pipe.  Don't  take  the  plunge.  Never  use  a  plunger  after  you  have  added  chemical  cleaner  to  the  dra",
      "thumbnail_url": "/api/v1/rag/pages/get-image?doc=d1755d662b062943&page=175&w=320",
      "region_url": null,
      "citation": {
        "doc_hash": "d1755d662b062943",
        "page_index": 175,
        "image_file": "/home/manny-buff/projects/vision-rag-api/data/page_images/d1755d662b062943/page_0176.jpg",
        "pdf_path": "/home/manny-buff/projects/capstone/hw-rag/data/1001 do-it-yourself hints & tips  tricks.pdf",
        "score": 0.588167667388916
      }
    },
    {
      "type": "web",
      "title": "How to Snake a Toilet - Easiest Way to Use a Drain Snake",
      "url": "https://www.familyhandyman.com/project/how-to-unclog-a-toilet-with-a-drain-snake/",
      "snippet": "Oct 7, 2024 ... Place the end of the auger into the toilet bowl so it points down the drain. Turn the handle clockwise to extend the auger cable down the drain ...",
      "preview_image_url": null,
      "thumbnail_url": null,
      "web_image": null,
      "sim_to_query_image": null
    },
    {
      "type": "web",
      "title": "Toilet Auger vs Snake: What's the Right Choice? | Family Handyman",
      "url": "https://www.familyhandyman.com/article/toilet-auger-vs-snake/",
      "snippet": "Jun 26, 2025 ... A toilet auger is a specific type of drain snake designed for toilets. It features a rotating handle attached to a flexible metal cable that clears clogs.",
      "preview_image_url": null,
      "thumbnail_url": null,
      "web_image": null,
      "sim_to_query_image": null
    },
    {
      "type": "web",
      "title": "How to Clean and Unclog a Kitchen Sink Drain (DIY) | Family ...",
      "url": "https://www.familyhandyman.com/project/how-to-clear-clogged-sink-drains/",
      "snippet": "Oct 3, 2024 ... Clogged kitchen sink? We will show you how to clear a clogged sink drain using a plunger, a drain snake and a few other household items.",
      "preview_image_url": null,
      "thumbnail_url": null,
      "web_image": null,
      "sim_to_query_image": null
    }
  ]
}