{
  "dialog_id": "dlg-9babee3d",
  "created_at": "2025-10-08T20:22:41Z",
  "ack_stage": 2,
  "last_query": "how to handle: The photo shows a white cabinet with a slightly worn finish, featuring visible screws and a small gap between the door and the frame.",
  "context_budget_chars": 64000,
  "context_used_chars": 3031,
  "selected_results": [],
  "last_snippets": [
    "21 Mysterious Old Home Features That Aren't Useful Anymore",
    "Jan 28, 2025 ... Many old homes have perplexing features that baffle their modern-day owners. From mysterious doors to odd buttons, we've solved some of ...",
    "Learn How to Use Pocket Screws (DIY) | Family Handyman",
    "Sep 3, 2024 ... Even a novice can build nice cabinets. Make tight, strong wood joints quickly and easily with pockets screws. No clamps, no dowels. We used ...",
    "How to Build a Wall to Wall Closet: Store More Stuff in a Closet with ...",
    "Mar 20, 2023 ... Need more closet space? You gain tons of storage space by stealing a few feet from a room and building a new built in closet.",
    "100 Incredible Projects By DIYers Like You | Family Handyman",
    "Sep 5, 2024 ... It features an open frame on four small casters, and it fits perfectly in the open space behind the lower cabinets in his workshop. Excellent ...",
    "Is a Lovesac Sactional Worth It? Full Review with Photos [1-Year ...",
    "Aug 25, 2025 ... But in 2006, the brand started selling couches, a.k.a. Sactionals. These modular sofas put you in a designer driver's seat, offering ...",
    "COOLING I CENTRAL  AIR  CONDITIONERS  206 Improving  central  air-conditioning  performance  WINDOW  AIR  CONDITIONERS  208 Installing  an  air  conditioner  in  a  window  CEILING  FANS 210 Installing  a  ceiling  fan  VENTILATION 212 Installing  a  roof  vent  INSULATION 214 I…",
    "\\  ^'  /  y'  (",
    "frequently.  Install a water leak detector    Water leak detectors square measure devices that may warn you once there's wetness in your  home. You’ll install these devices in your house to induce eliminate damp in bedrooms,  bathrooms, and kitchens. It’ll assist you sight leaks…",
    "of what quantity water goes down the drain once doing all of  your laundry or wash up.  What damages will a water leak cause to your home?  One of the most risks of water leaks is injury to your home, however what square measure the  water damages when a leak?  Depending on the …",
    "exterior from water injury. First, you must make sure that your roof and gutters square  measure in good shape and adequately sealed against leaks. Additionally, you must check for  damp or mould on walls and any cracks or gaps in your home’s foundation that might enable  wetnes…",
    "hen a leak in your home, there square  measure many steps that you simply will fancy facilitate dry out the affected areas. First, you  may wish to get rid of any standing water from the location as quickly as attainable  employing a wet vacuum or different appropriate tools. Wi…",
    "PLUMBING  REPAIRS  AND  INPROVENENTS f FAUCETS 162  Replacing  a  worn  faucet  cartridge  KITCHEN  SINKS 164  Cleaning  a  faucet  aerator  165  Repairing  a  siiik  sprayer  WATER  FILTERS 166  InstaUing  an  under-the-sink  water  filter  SINK  AND  TUB  STOPPERS 168  Replaci…",
    "1&:",
    "Davenport Public Library »  www.davenportlibrary.com",
    "this new  '  ind other m lals so they;H return  rity labels in windows to  $24 95 US  £16 99 UK  $29.95 CAN .....i i!illll!! II llll!  V»?7 815891123355 js i i ; ?l ill s 3i  • 5 2 9 4 4!| 01 6 4 4"
  ],
  "progress": [],
  "citations": [
    {
      "type": "web",
      "url": "https://www.familyhandyman.com/list/mysterious-old-home-features-that-arent-useful-anymore/",
      "title": "21 Mysterious Old Home Features That Aren't Useful Anymore",
      "snippet": "Jan 28, 2025 ... Many old homes have perplexing features that baffle their modern-day owners. From mysterious doors to odd buttons, we've solved some of ..."
    },
    {
      "type": "web",
      "url": "https://www.familyhandyman.com/project/how-to-use-pocket-screws/",
      "title": "Learn How to Use Pocket Screws (DIY) | Family Handyman",
      "snippet": "Sep 3, 2024 ... Even a novice can build nice cabinets. Make tight, strong wood joints quickly and easily with pockets screws. No clamps, no dowels. We used ..."
    },
    {
      "type": "web",
      "url": "https://www.familyhandyman.com/project/how-to-build-a-wall-to-wall-closet/",
      "title": "How to Build a Wall to Wall Closet: Store More Stuff in a Closet with ...",
      "snippet": "Mar 20, 2023 ... Need more closet space? You gain tons of storage space by stealing a few feet from a room and building a new built in closet."
    },
    {
      "type": "web",
      "url": "https://www.familyhandyman.com/list/100-incredible-projects-by-diyers-like-you/",
      "title": "100 Incredible Projects By DIYers Like You | Family Handyman",
      "snippet": "Sep 5, 2024 ... It features an open frame on four small casters, and it fits perfectly in the open space behind the lower cabinets in his workshop. Excellent ..."
    },
    {
      "type": "web",
      "url": "https://www.familyhandyman.com/article/lovesac-sactional-review/",
      "title": "Is a Lovesac Sactional Worth It? Full Review with Photos [1-Year ...",
      "snippet": "Aug 25, 2025 ... But in 2006, the brand started selling couches, a.k.a. Sactionals. These modular sofas put you in a designer driver's seat, offering ..."
    },
    {
      "type": "image",
      "pdf_path": "/home/manny-buff/projects/capstone/hw-rag/data/1001 do-it-yourself hints & tips  tricks.pdf",
      "page_index": 205,
      "image_path": "/home/manny-buff/projects/vision-rag-api/data/page_images/d1755d662b062943/page_0206.jpg"
    },
    {
      "type": "image",
      "pdf_path": "/home/manny-buff/projects/capstone/hw-rag/data/How to stop Water damage when A Leak.pdf",
      "page_index": 2,
      "image_path": "/home/manny-buff/projects/vision-rag-api/data/page_images/bcb6408c4a42e87f/page_0003.jpg"
    },
    {
      "type": "image",
      "pdf_path": "/home/manny-buff/projects/capstone/hw-rag/data/How to stop Water damage when A Leak.pdf",
      "page_index": 4,
      "image_path": "/home/manny-buff/projects/vision-rag-api/data/page_images/bcb6408c4a42e87f/page_0005.jpg"
    },
    {
      "type": "image",
      "pdf_path": "/home/manny-buff/projects/capstone/hw-rag/data/1001 do-it-yourself hints & tips  tricks.pdf",
      "page_index": 161,
      "image_path": "/home/manny-buff/projects/vision-rag-api/data/page_images/d1755d662b062943/page_0162.jpg"
    },
    {
      "type": "image",
      "pdf_path": "/home/manny-buff/projects/capstone/hw-rag/data/Complete home repair  with 350 projects and 2300 photos.pdf",
      "page_index": 618,
      "image_path": "/home/manny-buff/projects/vision-rag-api/data/page_images/d9079cbdeb5bb6dd/page_0619.jpg"
    }
  ]
}