{
  "dialog_id": "dlg-android-001",
  "created_at": "2025-10-04T16:59:22Z",
  "ack_stage": 2,
  "last_query": "how to handle: ",
  "context_budget_chars": 64000,
  "context_used_chars": 1341,
  "selected_results": [],
  "last_snippets": [
    "How to Replace a Shovel Handle (And Other Garden Tools) | Family ...",
    "May 24, 2024 ... You can either spend $50 (or more) to replace the tool or spend $20 to buy a new handle and replace it yourself. In addition to cost savings, it is a very ...",
    "How to Treat Black Spot and Rose Rosette Disease - Birds and ...",
    "Oct 4, 2024 ... If your roses look sick, it's likely that rose rosette disease, black spot or botrytis blight is the problem. Here's what you need to know about these rose ...",
    "Efflorescence on Brick Chimneys: How to Handle the White Stains",
    "Sep 5, 2024 ... Efflorescence occurs when moisture moves through concrete or other masonry. The moisture picks up minerals, carries them to the surface of the ...",
    "Shower Faucet Installation (DIY) | Family Handyman",
    "Sep 16, 2024 ... Installing a new shower faucet is a straightforward process of connecting the new valve to the old pipes.",
    "How to Cope Joints (DIY)",
    "Jun 14, 2023 ... This age-old carpenter's trick involves cutting the profile on the end of one molding and fitting it against another like pieces of a puzzle.",
    "g? If you jump steps and you go past other possible sources instead of taking it one step at a time, you could cause more issues down the road. So remember to look for the source and go for the solution that’s going to give you the best chance of being successful at the time. PL…"
  ],
  "progress": [],
  "citations": [
    {
      "type": "web",
      "url": "https://www.familyhandyman.com/project/replace-a-shovel-handle/",
      "title": "How to Replace a Shovel Handle (And Other Garden Tools) | Family ...",
      "snippet": "May 24, 2024 ... You can either spend $50 (or more) to replace the tool or spend $20 to buy a new handle and replace it yourself. In addition to cost savings, it is a very ..."
    },
    {
      "type": "web",
      "url": "https://www.familyhandyman.com/article/rose-rosette-disease-black-spots-on-rose-leaves/",
      "title": "How to Treat Black Spot and Rose Rosette Disease - Birds and ...",
      "snippet": "Oct 4, 2024 ... If your roses look sick, it's likely that rose rosette disease, black spot or botrytis blight is the problem. Here's what you need to know about these rose ..."
    },
    {
      "type": "web",
      "url": "https://www.familyhandyman.com/article/efflorescence-on-brick-chimneys/",
      "title": "Efflorescence on Brick Chimneys: How to Handle the White Stains",
      "snippet": "Sep 5, 2024 ... Efflorescence occurs when moisture moves through concrete or other masonry. The moisture picks up minerals, carries them to the surface of the ..."
    },
    {
      "type": "web",
      "url": "https://www.familyhandyman.com/project/shower-faucet-installation/",
      "title": "Shower Faucet Installation (DIY) | Family Handyman",
      "snippet": "Sep 16, 2024 ... Installing a new shower faucet is a straightforward process of connecting the new valve to the old pipes."
    },
    {
      "type": "web",
      "url": "https://www.familyhandyman.com/project/how-to-cope-joints/",
      "title": "How to Cope Joints (DIY)",
      "snippet": "Jun 14, 2023 ... This age-old carpenter's trick involves cutting the profile on the end of one molding and fitting it against another like pieces of a puzzle."
    },
    {
      "type": "text",
      "pdf_path": null,
      "page_index": null,
      "snippet": "g? If you jump steps and you go past other possible sources instead of taking it one step at a time, you could cause more issues down the road. So remember to look for the source and go for the solution that’s going to give you the best chance of being successful at the time. PL…"
    }
  ]
}