{
  "dialog_id": "dlg-edge-001",
  "created_at": "2025-10-02T21:16:13Z",
  "ack_stage": 2,
  "last_query": "how to handle: ",
  "context_budget_chars": 64000,
  "context_used_chars": 1342,
  "selected_results": [],
  "last_snippets": [
    "How to Replace a Shovel Handle (And Other Garden Tools) | Family ...",
    "May 24, 2024 ... If the handle is too tight, use a smaller piece of wood that fits through the other end of the shovel collar and hammer the handle out. If the ...",
    "How to Treat Black Spot and Rose Rosette Disease - Birds and ...",
    "Oct 4, 2024 ... Remove infected leaves when you first spot them or as soon as they fall. Next, do a thorough cleanup in fall. Sanitation reduces the chance for ...",
    "Efflorescence on Brick Chimneys: How to Handle the White Stains",
    "Sep 5, 2024 ... Efflorescence, a powdery white substance on bricks, can indicate a serious problem with chimneys. Here's how to handle it.",
    "How to Cope Joints (DIY)",
    "Jun 14, 2023 ... Cut the Cope · First, make a few relief cuts at tight turns of the profile to allow waste to fall away and your saw to make turns more easily. ( ...",
    "Shower Faucet Installation (DIY) | Family Handyman",
    "Sep 16, 2024 ... ... handle to one handle valve with temperature-balancing and anti-scald features? We show you how to solve these common problems. If your bath ...",
    "g? If you jump steps and you go past other possible sources instead of taking it one step at a time, you could cause more issues down the road. So remember to look for the source and go for the solution that’s going to give you the best chance of being successful at the time. PL…"
  ],
  "progress": [],
  "citations": [
    {
      "type": "web",
      "url": "https://www.familyhandyman.com/project/replace-a-shovel-handle/",
      "title": "How to Replace a Shovel Handle (And Other Garden Tools) | Family ...",
      "snippet": "May 24, 2024 ... If the handle is too tight, use a smaller piece of wood that fits through the other end of the shovel collar and hammer the handle out. If the ..."
    },
    {
      "type": "web",
      "url": "https://www.familyhandyman.com/article/rose-rosette-disease-black-spots-on-rose-leaves/",
      "title": "How to Treat Black Spot and Rose Rosette Disease - Birds and ...",
      "snippet": "Oct 4, 2024 ... Remove infected leaves when you first spot them or as soon as they fall. Next, do a thorough cleanup in fall. Sanitation reduces the chance for ..."
    },
    {
      "type": "web",
      "url": "https://www.familyhandyman.com/article/efflorescence-on-brick-chimneys/",
      "title": "Efflorescence on Brick Chimneys: How to Handle the White Stains",
      "snippet": "Sep 5, 2024 ... Efflorescence, a powdery white substance on bricks, can indicate a serious problem with chimneys. Here's how to handle it."
    },
    {
      "type": "web",
      "url": "https://www.familyhandyman.com/project/how-to-cope-joints/",
      "title": "How to Cope Joints (DIY)",
      "snippet": "Jun 14, 2023 ... Cut the Cope · First, make a few relief cuts at tight turns of the profile to allow waste to fall away and your saw to make turns more easily. ( ..."
    },
    {
      "type": "web",
      "url": "https://www.familyhandyman.com/project/shower-faucet-installation/",
      "title": "Shower Faucet Installation (DIY) | Family Handyman",
      "snippet": "Sep 16, 2024 ... ... handle to one handle valve with temperature-balancing and anti-scald features? We show you how to solve these common problems. If your bath ..."
    },
    {
      "type": "text",
      "pdf_path": null,
      "page_index": null,
      "snippet": "g? If you jump steps and you go past other possible sources instead of taking it one step at a time, you could cause more issues down the road. So remember to look for the source and go for the solution that’s going to give you the best chance of being successful at the time. PL…"
    }
  ]
}